-- phpMyAdmin SQL Dump
-- version 4.6.6deb5
-- https://www.phpmyadmin.net/
--
-- Host: localhost:3306
-- Generation Time: Jun 02, 2018 at 12:44 AM
-- Server version: 5.7.22
-- PHP Version: 7.2.5-0ubuntu0.18.04.1

SET SQL_MODE = "NO_AUTO_VALUE_ON_ZERO";
SET time_zone = "+00:00";


/*!40101 SET @OLD_CHARACTER_SET_CLIENT=@@CHARACTER_SET_CLIENT */;
/*!40101 SET @OLD_CHARACTER_SET_RESULTS=@@CHARACTER_SET_RESULTS */;
/*!40101 SET @OLD_COLLATION_CONNECTION=@@COLLATION_CONNECTION */;
/*!40101 SET NAMES utf8mb4 */;

--
-- Database: `material_db`
--

-- --------------------------------------------------------

--
-- Table structure for table `equipment`
--

CREATE TABLE `equipment` (
  `id` int(10) NOT NULL,
  `barcode` varchar(13) NOT NULL,
  `name` varchar(100) DEFAULT NULL,
  `detail` text,
  `image` varchar(50) NOT NULL DEFAULT 'default.png',
  `datetime` datetime NOT NULL DEFAULT CURRENT_TIMESTAMP,
  `no_barcode` tinyint(1) NOT NULL DEFAULT '0',
  `amount` int(11) NOT NULL DEFAULT '0'
) ENGINE=InnoDB DEFAULT CHARSET=utf8;

--
-- Dumping data for table `equipment`
--

INSERT INTO `equipment` (`id`, `barcode`, `name`, `detail`, `image`, `datetime`, `no_barcode`, `amount`) VALUES
(1, '6970879590015', 'AAA', 'AAA', 'default.png', '2018-05-28 06:53:26', 0, 15),
(4, '8850004000009', 'aaaaaaaa', 'dsads', 'default.png', '2018-05-28 09:22:43', 1, 0),
(5, '8851952101145', 'est COLA', 'est COLA', 'default.png', '2018-05-31 01:02:54', 0, 10),
(6, '8850006000007', 'หัวชาร์ทโทรศัพท์ โนเกีย', 'ที่ชาร์จ มือถือ USB Power Adapter (Mobile Charger) คุณภาพดี ราคาถูก\r\n\r\nมีมากมายให้เลือกหลายแบบ ตั้งแต่ 1 USB ถึง 8 USB\r\n\r\nขนาดกำลังไฟ 5 Watts (วัตต์) ถึง 15 Watts (วัตต์)\r\nOut put ขนาด กระแสไฟ ตั้งแต่ DC 5V/1A. ถึง 5V/2.1A.\r\nสามารถใช้ชาร์จ กับ มือถือ, Smart Phone และ อุปกรณ์มือถือ ต่างๆ ได้มากมาย \r\nสามารถใช้แทน ที่ชาร์จ iPhone (USB Power Adapter) และ ที่ชาร์จ Samsung\r\nรวมถึง ที่ชาร์จ อุปกรณ์มือถือ อีกมากมายหลายชนิด\r\nเชิญเลือกชม ที่ชาร์จ มือถือ ราคาถูกที่สุด ในประเทศไทย', '5b115b3f679fd1.91061082_ojlqnpkgmihef.jpeg', '2018-06-01 21:42:07', 1, 0),
(7, '8851907031541', 'มาสเตอร์อาร์ต ดินสอสี', 'สีไม้ แบบแท่งยาว\r\nผลิตจากไม้คุณภาพดี เนื้อไม้เหลาง่าย ไม่โก่งงอ\r\nระบายง่ายให้สีสันสวยงาม ได้เนื้อที่สีมากกว่าสีไม้ทั่วไป\r\nตัวด้ามทรงสามเหลี่ยม จับถนัดมือ\r\nผ่านการรับรองมาตรฐานยุโรป EN71 & PHTHALATE Safety Standard และ ASTM D-4236 สหรัฐอเมริกา\r\nไส้สีขนาดมาตรฐาน 2.9 มม.', '5b116fbfb5bcc6.70343816_ojlnhikgepqfm.jpeg', '2018-06-01 23:09:35', 0, 0);

-- --------------------------------------------------------

--
-- Table structure for table `equipment_history`
--

CREATE TABLE `equipment_history` (
  `id` int(10) NOT NULL,
  `datetime` datetime DEFAULT CURRENT_TIMESTAMP COMMENT 'วันที่ส่งคำขอ',
  `equipment_id` int(11) NOT NULL,
  `amount` int(11) NOT NULL,
  `user_id` int(11) NOT NULL,
  `student_id` varchar(13) DEFAULT NULL,
  `status` enum('รับอุปกรณ์แล้ว','คืนอุปกรณ์แล้ว') NOT NULL DEFAULT 'รับอุปกรณ์แล้ว'
) ENGINE=InnoDB DEFAULT CHARSET=utf8;

--
-- Dumping data for table `equipment_history`
--

INSERT INTO `equipment_history` (`id`, `datetime`, `equipment_id`, `amount`, `user_id`, `student_id`, `status`) VALUES
(1, '2018-05-28 06:54:26', 1, 1, 1, NULL, 'คืนอุปกรณ์แล้ว'),
(2, '2018-05-28 06:54:39', 1, 1, 1, NULL, 'คืนอุปกรณ์แล้ว'),
(3, '2018-05-28 06:56:53', 1, 1, 1, NULL, 'คืนอุปกรณ์แล้ว'),
(4, '2018-05-28 06:58:06', 1, 1, 1, NULL, 'คืนอุปกรณ์แล้ว'),
(5, '2018-05-28 06:58:50', 1, 1, 1, NULL, 'รับอุปกรณ์แล้ว'),
(6, '2018-05-28 06:59:28', 1, 232, 1, NULL, 'รับอุปกรณ์แล้ว'),
(7, '2018-05-28 06:59:52', 1, 232, 1, NULL, 'รับอุปกรณ์แล้ว'),
(8, '2018-05-28 06:59:54', 1, 232, 1, NULL, 'รับอุปกรณ์แล้ว'),
(9, '2018-05-28 07:00:03', 1, 1, 1, NULL, 'รับอุปกรณ์แล้ว'),
(10, '2018-05-28 07:00:54', 1, 1, 1, NULL, 'รับอุปกรณ์แล้ว'),
(11, '2018-05-28 07:01:36', 1, 1, 1, NULL, 'รับอุปกรณ์แล้ว'),
(12, '2018-05-28 07:01:58', 1, 1, 1, NULL, 'รับอุปกรณ์แล้ว'),
(13, '2018-05-28 07:03:24', 1, 1, 1, NULL, 'รับอุปกรณ์แล้ว'),
(14, '2018-05-31 01:24:04', 5, 1, 1, NULL, 'รับอุปกรณ์แล้ว');

-- --------------------------------------------------------

--
-- Table structure for table `log`
--

CREATE TABLE `log` (
  `id` int(11) NOT NULL,
  `datetime` datetime NOT NULL DEFAULT CURRENT_TIMESTAMP,
  `type` enum('วัสดุ','อุปกรณ์') NOT NULL,
  `item_id` int(11) NOT NULL,
  `amount` int(11) NOT NULL,
  `user_id` int(11) NOT NULL
) ENGINE=InnoDB DEFAULT CHARSET=utf8;

--
-- Dumping data for table `log`
--

INSERT INTO `log` (`id`, `datetime`, `type`, `item_id`, `amount`, `user_id`) VALUES
(1, '2018-05-31 04:53:53', 'วัสดุ', 1, 111, 1);

-- --------------------------------------------------------

--
-- Table structure for table `material`
--

CREATE TABLE `material` (
  `id` int(10) NOT NULL,
  `barcode` varchar(13) DEFAULT NULL,
  `name` varchar(100) NOT NULL,
  `detail` text NOT NULL,
  `type_id` int(10) NOT NULL,
  `unit_id` int(11) NOT NULL,
  `image` varchar(50) NOT NULL DEFAULT 'default.png',
  `amount` int(11) NOT NULL DEFAULT '0'
) ENGINE=InnoDB DEFAULT CHARSET=utf8;

--
-- Dumping data for table `material`
--

INSERT INTO `material` (`id`, `barcode`, `name`, `detail`, `type_id`, `unit_id`, `image`, `amount`) VALUES
(1, '8851952101145', 'Health Guard Face Mask หน้ากากอนามัย เอ็กซ์ตร้า พลัส', 'Health Guard Face Mask หน้ากากอนามัย เอ็กซ์ตร้า พลัส 222', 1, 5, 'default.png', 12),
(4, '5704063001338', 'Milk', 'Milk', 1, 1, 'default.png', 20),
(5, '212456545', 'ccc', 'ddd', 1, 1, 'default.png', 20),
(6, '2059002940003', 'Health Guard Face Mask หน้ากากอนามัย เอ็กซ์ตร้า พลัส', 'หน้ากากอนามัยกรองฝุ่นละออง ควัน และเชื่อแบคทีเรียน้ำหนักเบา หายใจสะดวก ไม่อับชื้น บรรจุ 5 ชิ้น', 1, 5, '5b114587935331.11642316_elhnmipjqfgok.jpeg', 1),
(7, '8851907154783', 'สมุดฉีกกระดาษปอนด์ 70 แกรม', 'ปกกระดาษอ่อน เนื้อเหนียว ไม่ขาดง่าย ป้องกันกระดาษเนื้อในสกปรก\r\nสันปกบนเสริมด้วยใยพิเศษ (Mikro Ned) ฉีกได้เรียบคม สมุดไม่หลุดจากปก\r\nเนื้อในกระดาษทรูไรท์ เรียบพิเศษ เขียนได้ลื่นกว่า\r\nเส้นบรรทัดมาตรฐาน ขนาด 8 มม. ช่วยจัดระเบียบการเขียนให้เรียบร้อย\r\nCenter Mark ช่วยบอกตำแหน่งการเจาะรูสำหรับเก็บเอกสาร\r\nจุดกำหนดระยะบริเวณ หัว-ท้าย กระดาษ สะดวกในการตีเส้น\r\nเหมาะสำหรับพิมพ์หรือเขียนรายงาน จดบันทึกและฉีกเป็นแผ่นได้\r\nชนิด : ฉีกด้านบน\r\nกระดาษหนา : 70 แกรม\r\nขนาดสมุด (กว้าง x ยาว) : 21 × 29.7 ซม. (A4)\r\nบรรจุ 50 แผ่น/เล่ม, 1 เล่ม', 1, 3, '5b117b82a77640.87758725_jlpkofqhinmeg.jpeg', 0);

-- --------------------------------------------------------

--
-- Table structure for table `material_history`
--

CREATE TABLE `material_history` (
  `id` int(10) NOT NULL,
  `datetime` datetime DEFAULT CURRENT_TIMESTAMP,
  `user_id` int(11) NOT NULL,
  `material_id` int(11) NOT NULL,
  `amount` int(11) NOT NULL,
  `student_id` varchar(13) DEFAULT NULL
) ENGINE=InnoDB DEFAULT CHARSET=utf8;

--
-- Dumping data for table `material_history`
--

INSERT INTO `material_history` (`id`, `datetime`, `user_id`, `material_id`, `amount`, `student_id`) VALUES
(1, '2018-05-31 07:03:26', 1, 1, 10, NULL);

-- --------------------------------------------------------

--
-- Table structure for table `material_type`
--

CREATE TABLE `material_type` (
  `id` int(10) NOT NULL,
  `name` varchar(50) DEFAULT NULL
) ENGINE=InnoDB DEFAULT CHARSET=utf8;

--
-- Dumping data for table `material_type`
--

INSERT INTO `material_type` (`id`, `name`) VALUES
(1, 'วัสดุสำนักงาน'),
(2, 'วัสดุงานบ้านงานครัว'),
(3, 'วัสดุโฆษณาและเผยเพร่'),
(4, 'การศึกษา'),
(5, 'กีฬา');

-- --------------------------------------------------------

--
-- Table structure for table `report_no`
--

CREATE TABLE `report_no` (
  `id` int(5) UNSIGNED ZEROFILL NOT NULL,
  `datetime` datetime NOT NULL DEFAULT CURRENT_TIMESTAMP,
  `user_id` int(11) NOT NULL
) ENGINE=InnoDB DEFAULT CHARSET=latin1;

--
-- Dumping data for table `report_no`
--

INSERT INTO `report_no` (`id`, `datetime`, `user_id`) VALUES
(00001, '2018-05-28 07:10:14', 1),
(00002, '2018-05-28 07:10:17', 1),
(00003, '2018-05-28 07:11:38', 1),
(00004, '2018-05-28 07:12:13', 1),
(00005, '2018-05-28 08:39:01', 1),
(00006, '2018-05-28 09:31:38', 1),
(00007, '2018-05-31 05:44:29', 1),
(00008, '2018-05-31 05:44:49', 1),
(00009, '2018-05-31 05:45:14', 1),
(00010, '2018-05-31 05:45:52', 1),
(00011, '2018-05-31 05:45:58', 1),
(00012, '2018-05-31 05:46:01', 1),
(00013, '2018-05-31 05:46:27', 1),
(00014, '2018-05-31 05:50:10', 1),
(00015, '2018-05-31 05:50:54', 1),
(00016, '2018-05-31 05:51:15', 1),
(00017, '2018-05-31 05:51:22', 1),
(00018, '2018-05-31 05:51:26', 1),
(00019, '2018-05-31 05:51:28', 1),
(00020, '2018-05-31 05:51:29', 1),
(00021, '2018-05-31 05:51:50', 1),
(00022, '2018-05-31 05:51:51', 1),
(00023, '2018-05-31 05:52:36', 1),
(00024, '2018-05-31 05:53:35', 1),
(00025, '2018-05-31 05:53:50', 1),
(00026, '2018-05-31 05:53:52', 1),
(00027, '2018-05-31 05:53:52', 1),
(00028, '2018-05-31 05:54:07', 1),
(00029, '2018-05-31 05:54:08', 1),
(00030, '2018-05-31 05:54:08', 1),
(00031, '2018-05-31 05:54:08', 1),
(00032, '2018-05-31 05:54:08', 1),
(00033, '2018-05-31 05:55:48', 1),
(00034, '2018-05-31 05:56:20', 1),
(00035, '2018-05-31 05:56:22', 1),
(00036, '2018-05-31 05:56:22', 1),
(00037, '2018-05-31 05:56:22', 1),
(00038, '2018-05-31 05:56:47', 1),
(00039, '2018-05-31 05:56:56', 1),
(00040, '2018-05-31 05:56:57', 1),
(00041, '2018-05-31 05:56:57', 1),
(00042, '2018-05-31 05:56:57', 1),
(00043, '2018-05-31 05:56:57', 1),
(00044, '2018-05-31 05:56:58', 1),
(00045, '2018-05-31 05:56:58', 1),
(00046, '2018-05-31 05:56:58', 1),
(00047, '2018-05-31 05:56:59', 1),
(00048, '2018-05-31 05:57:07', 1),
(00049, '2018-05-31 05:57:07', 1),
(00050, '2018-05-31 05:57:08', 1),
(00051, '2018-05-31 05:57:08', 1),
(00052, '2018-05-31 05:57:16', 1),
(00053, '2018-05-31 05:57:28', 1),
(00054, '2018-05-31 05:57:28', 1),
(00055, '2018-05-31 05:57:28', 1),
(00056, '2018-05-31 05:57:29', 1),
(00057, '2018-05-31 05:58:01', 1),
(00058, '2018-05-31 05:58:02', 1),
(00059, '2018-05-31 05:58:18', 1),
(00060, '2018-05-31 05:58:19', 1),
(00061, '2018-05-31 05:58:20', 1),
(00062, '2018-05-31 05:58:54', 1),
(00063, '2018-05-31 05:58:54', 1),
(00064, '2018-05-31 05:58:55', 1),
(00065, '2018-05-31 05:58:55', 1),
(00066, '2018-05-31 05:59:22', 1),
(00067, '2018-05-31 05:59:22', 1),
(00068, '2018-05-31 05:59:23', 1),
(00069, '2018-05-31 05:59:25', 1),
(00070, '2018-05-31 05:59:35', 1),
(00071, '2018-05-31 05:59:36', 1),
(00072, '2018-05-31 05:59:36', 1),
(00073, '2018-05-31 05:59:36', 1),
(00074, '2018-05-31 05:59:55', 1),
(00075, '2018-05-31 05:59:57', 1),
(00076, '2018-05-31 05:59:57', 1),
(00077, '2018-05-31 06:00:28', 1),
(00078, '2018-05-31 06:00:29', 1),
(00079, '2018-05-31 06:00:29', 1),
(00080, '2018-05-31 06:00:29', 1),
(00081, '2018-05-31 06:00:29', 1),
(00082, '2018-05-31 06:00:32', 1),
(00083, '2018-05-31 06:00:44', 1),
(00084, '2018-05-31 06:00:45', 1),
(00085, '2018-05-31 06:00:55', 1),
(00086, '2018-05-31 06:01:18', 1),
(00087, '2018-05-31 06:01:28', 1),
(00088, '2018-05-31 06:02:20', 1),
(00089, '2018-05-31 06:02:21', 1),
(00090, '2018-05-31 06:02:21', 1),
(00091, '2018-05-31 06:02:21', 1),
(00092, '2018-05-31 06:02:49', 1),
(00093, '2018-05-31 06:03:59', 1),
(00094, '2018-05-31 06:17:34', 1),
(00095, '2018-05-31 06:24:55', 1),
(00096, '2018-05-31 06:24:56', 1),
(00097, '2018-05-31 06:24:58', 1),
(00098, '2018-05-31 06:25:27', 1),
(00099, '2018-05-31 06:25:27', 1),
(00100, '2018-05-31 06:25:28', 1),
(00101, '2018-05-31 06:25:28', 1),
(00102, '2018-05-31 06:25:28', 1),
(00103, '2018-05-31 06:25:37', 1),
(00104, '2018-05-31 06:26:21', 1),
(00105, '2018-05-31 06:26:38', 1),
(00106, '2018-05-31 06:27:06', 1),
(00107, '2018-05-31 06:28:20', 1),
(00108, '2018-05-31 06:33:05', 1),
(00109, '2018-05-31 06:34:14', 1),
(00110, '2018-05-31 06:35:11', 1),
(00111, '2018-05-31 06:35:42', 1),
(00112, '2018-05-31 06:35:47', 1),
(00113, '2018-05-31 06:39:33', 1),
(00114, '2018-05-31 06:39:40', 1),
(00115, '2018-05-31 06:39:40', 1),
(00116, '2018-05-31 06:42:01', 1),
(00117, '2018-05-31 06:42:02', 1),
(00118, '2018-05-31 06:42:41', 1),
(00119, '2018-05-31 06:46:22', 1),
(00120, '2018-05-31 06:46:23', 1),
(00121, '2018-05-31 06:47:38', 1),
(00122, '2018-05-31 06:48:02', 1),
(00123, '2018-05-31 06:48:44', 1),
(00124, '2018-05-31 06:49:19', 1),
(00125, '2018-05-31 06:49:20', 1),
(00126, '2018-05-31 06:50:08', 1),
(00127, '2018-05-31 06:50:08', 1),
(00128, '2018-05-31 06:50:19', 1),
(00129, '2018-05-31 06:53:50', 1),
(00130, '2018-05-31 06:54:29', 1),
(00131, '2018-05-31 06:54:46', 1),
(00132, '2018-05-31 06:55:03', 1),
(00133, '2018-05-31 06:55:18', 1),
(00134, '2018-05-31 06:55:34', 1),
(00135, '2018-05-31 06:56:43', 1),
(00136, '2018-05-31 06:57:07', 1),
(00137, '2018-05-31 06:57:22', 1),
(00138, '2018-05-31 06:57:52', 1),
(00139, '2018-05-31 06:58:13', 1),
(00140, '2018-05-31 06:58:16', 1),
(00141, '2018-05-31 06:58:54', 1),
(00142, '2018-05-31 06:59:38', 1),
(00143, '2018-05-31 06:59:39', 1),
(00144, '2018-05-31 07:00:04', 1),
(00145, '2018-05-31 07:00:53', 1),
(00146, '2018-05-31 07:00:55', 1),
(00147, '2018-05-31 07:00:58', 1),
(00148, '2018-05-31 07:01:02', 1),
(00149, '2018-05-31 07:01:18', 1),
(00150, '2018-05-31 07:01:20', 1),
(00151, '2018-05-31 07:01:20', 1),
(00152, '2018-05-31 07:01:33', 1),
(00153, '2018-05-31 07:01:34', 1),
(00154, '2018-05-31 07:01:34', 1),
(00155, '2018-05-31 07:01:34', 1),
(00156, '2018-05-31 07:01:46', 1),
(00157, '2018-05-31 07:01:47', 1),
(00158, '2018-05-31 07:01:47', 1),
(00159, '2018-05-31 07:01:47', 1),
(00160, '2018-05-31 07:02:01', 1),
(00161, '2018-05-31 07:02:02', 1),
(00162, '2018-05-31 07:03:30', 1),
(00163, '2018-05-31 07:03:46', 1),
(00164, '2018-05-31 07:06:26', 1),
(00165, '2018-05-31 07:06:29', 1),
(00166, '2018-05-31 07:06:59', 1),
(00167, '2018-05-31 07:08:03', 1),
(00168, '2018-05-31 07:08:37', 1),
(00169, '2018-05-31 07:08:56', 1),
(00170, '2018-05-31 07:09:01', 1),
(00171, '2018-05-31 07:09:17', 1),
(00172, '2018-05-31 07:09:50', 1),
(00173, '2018-05-31 07:09:53', 1),
(00174, '2018-05-31 07:09:54', 1),
(00175, '2018-05-31 07:09:54', 1),
(00176, '2018-05-31 07:09:54', 1),
(00177, '2018-05-31 07:09:54', 1),
(00178, '2018-05-31 07:09:54', 1),
(00179, '2018-05-31 07:09:59', 1),
(00180, '2018-05-31 07:10:01', 1),
(00181, '2018-05-31 07:10:01', 1),
(00182, '2018-05-31 07:10:01', 1),
(00183, '2018-05-31 07:10:04', 1),
(00184, '2018-05-31 07:11:33', 1),
(00185, '2018-05-31 07:11:34', 1),
(00186, '2018-05-31 07:11:34', 1),
(00187, '2018-05-31 07:11:53', 1),
(00188, '2018-05-31 07:12:22', 1),
(00189, '2018-05-31 07:12:29', 1),
(00190, '2018-05-31 07:12:30', 1),
(00191, '2018-05-31 07:12:31', 1),
(00192, '2018-05-31 07:12:31', 1),
(00193, '2018-05-31 07:12:31', 1),
(00194, '2018-05-31 07:12:31', 1),
(00195, '2018-05-31 07:13:00', 1),
(00196, '2018-05-31 07:13:00', 1),
(00197, '2018-05-31 07:13:19', 1),
(00198, '2018-05-31 07:13:27', 1),
(00199, '2018-05-31 07:13:28', 1),
(00200, '2018-05-31 09:26:57', 1),
(00201, '2018-05-31 09:30:03', 1),
(00202, '2018-05-31 09:31:34', 1),
(00203, '2018-05-31 09:31:36', 1),
(00204, '2018-05-31 09:31:36', 1),
(00205, '2018-05-31 09:31:36', 1),
(00206, '2018-05-31 09:38:37', 1),
(00207, '2018-05-31 09:38:40', 1),
(00208, '2018-05-31 09:39:37', 1),
(00209, '2018-05-31 09:39:39', 1),
(00210, '2018-05-31 09:39:40', 1),
(00211, '2018-05-31 09:39:40', 1),
(00212, '2018-05-31 09:39:41', 1),
(00213, '2018-05-31 09:40:12', 1),
(00214, '2018-05-31 09:40:14', 1),
(00215, '2018-05-31 09:40:14', 1),
(00216, '2018-05-31 09:40:16', 1),
(00217, '2018-05-31 09:40:16', 1),
(00218, '2018-05-31 09:40:17', 1),
(00219, '2018-05-31 09:40:17', 1),
(00220, '2018-05-31 09:40:35', 1),
(00221, '2018-05-31 09:40:37', 1),
(00222, '2018-05-31 09:40:37', 1),
(00223, '2018-05-31 09:40:38', 1),
(00224, '2018-05-31 09:40:38', 1),
(00225, '2018-05-31 09:40:39', 1),
(00226, '2018-05-31 09:41:57', 1),
(00227, '2018-05-31 09:42:16', 1),
(00228, '2018-05-31 09:42:19', 1),
(00229, '2018-05-31 09:42:30', 1),
(00230, '2018-05-31 09:42:33', 1),
(00231, '2018-05-31 09:43:32', 1),
(00232, '2018-05-31 09:45:36', 1),
(00233, '2018-05-31 09:49:34', 1),
(00234, '2018-05-31 09:49:58', 1),
(00235, '2018-05-31 09:50:00', 1),
(00236, '2018-05-31 09:50:07', 1),
(00237, '2018-05-31 09:50:07', 1),
(00238, '2018-05-31 09:50:26', 1),
(00239, '2018-05-31 09:50:29', 1),
(00240, '2018-05-31 09:51:30', 1),
(00241, '2018-05-31 09:51:58', 1),
(00242, '2018-05-31 09:52:00', 1),
(00243, '2018-05-31 09:52:05', 1),
(00244, '2018-05-31 10:18:16', 1),
(00245, '2018-05-31 10:18:17', 1),
(00246, '2018-05-31 10:22:39', 1),
(00247, '2018-05-31 10:25:15', 1),
(00248, '2018-05-31 10:25:58', 1),
(00249, '2018-05-31 10:26:26', 1),
(00250, '2018-05-31 10:28:32', 1),
(00251, '2018-05-31 10:28:40', 1),
(00252, '2018-05-31 10:28:42', 1),
(00253, '2018-05-31 10:28:42', 1),
(00254, '2018-05-31 10:28:42', 1),
(00255, '2018-05-31 10:28:55', 1),
(00256, '2018-05-31 10:28:56', 1),
(00257, '2018-05-31 10:28:57', 1),
(00258, '2018-05-31 10:28:57', 1),
(00259, '2018-05-31 10:28:57', 1),
(00260, '2018-05-31 10:29:34', 1),
(00261, '2018-05-31 10:29:35', 1),
(00262, '2018-05-31 10:29:36', 1),
(00263, '2018-05-31 10:29:36', 1),
(00264, '2018-05-31 10:29:52', 1),
(00265, '2018-05-31 10:30:00', 1),
(00266, '2018-05-31 10:30:03', 1),
(00267, '2018-05-31 10:30:33', 1),
(00268, '2018-05-31 10:32:19', 1),
(00269, '2018-05-31 10:32:20', 1),
(00270, '2018-05-31 10:32:20', 1),
(00271, '2018-05-31 10:32:21', 1),
(00272, '2018-05-31 10:32:31', 1),
(00273, '2018-05-31 10:32:31', 1),
(00274, '2018-05-31 10:32:32', 1),
(00275, '2018-05-31 10:33:09', 1),
(00276, '2018-05-31 10:33:10', 1),
(00277, '2018-05-31 10:33:10', 1),
(00278, '2018-05-31 10:33:10', 1),
(00279, '2018-05-31 10:33:11', 1),
(00280, '2018-05-31 10:33:11', 1),
(00281, '2018-05-31 10:33:11', 1),
(00282, '2018-05-31 10:33:11', 1),
(00283, '2018-05-31 10:33:37', 1),
(00284, '2018-05-31 10:33:38', 1),
(00285, '2018-05-31 10:33:38', 1),
(00286, '2018-05-31 10:33:38', 1),
(00287, '2018-05-31 10:34:13', 1),
(00288, '2018-05-31 10:34:16', 1),
(00289, '2018-05-31 10:34:29', 1),
(00290, '2018-05-31 10:34:30', 1),
(00291, '2018-05-31 10:34:30', 1),
(00292, '2018-05-31 10:34:41', 1),
(00293, '2018-05-31 10:34:47', 1),
(00294, '2018-05-31 10:34:48', 1),
(00295, '2018-05-31 10:34:48', 1),
(00296, '2018-05-31 10:35:03', 1),
(00297, '2018-05-31 10:35:03', 1),
(00298, '2018-05-31 10:35:04', 1),
(00299, '2018-05-31 10:35:04', 1),
(00300, '2018-05-31 10:35:04', 1),
(00301, '2018-05-31 10:35:05', 1),
(00302, '2018-05-31 10:35:29', 1),
(00303, '2018-05-31 10:35:30', 1),
(00304, '2018-05-31 10:35:30', 1),
(00305, '2018-05-31 10:35:30', 1),
(00306, '2018-05-31 10:35:43', 1),
(00307, '2018-05-31 10:35:46', 1),
(00308, '2018-05-31 10:35:52', 1),
(00309, '2018-05-31 10:35:57', 1),
(00310, '2018-05-31 10:35:58', 1),
(00311, '2018-05-31 10:35:58', 1),
(00312, '2018-05-31 10:35:58', 1),
(00313, '2018-05-31 10:36:35', 1),
(00314, '2018-05-31 10:36:36', 1),
(00315, '2018-05-31 10:36:37', 1),
(00316, '2018-05-31 10:37:00', 1),
(00317, '2018-05-31 10:37:01', 1),
(00318, '2018-05-31 10:37:41', 1),
(00319, '2018-05-31 11:29:26', 1),
(00320, '2018-05-31 12:34:35', 1),
(00321, '2018-05-31 12:34:38', 1),
(00322, '2018-05-31 12:34:50', 1),
(00323, '2018-05-31 12:34:51', 1),
(00324, '2018-05-31 12:34:57', 1),
(00325, '2018-05-31 12:34:58', 1),
(00326, '2018-05-31 12:35:39', 1),
(00327, '2018-05-31 12:35:39', 1),
(00328, '2018-05-31 23:56:36', 1),
(00329, '2018-06-01 00:34:01', 1),
(00330, '2018-06-01 17:50:00', 1),
(00331, '2018-06-01 17:50:00', 1),
(00332, '2018-06-01 17:53:54', 1),
(00333, '2018-06-01 17:53:55', 1),
(00334, '2018-06-01 17:54:04', 1),
(00335, '2018-06-01 17:54:05', 1),
(00336, '2018-06-01 18:08:27', 1),
(00337, '2018-06-01 18:08:28', 1),
(00338, '2018-06-01 18:08:28', 1),
(00339, '2018-06-01 18:08:38', 1),
(00340, '2018-06-01 18:08:39', 1),
(00341, '2018-06-01 18:08:45', 1),
(00342, '2018-06-01 18:08:45', 1),
(00343, '2018-06-01 18:08:49', 1),
(00344, '2018-06-01 18:09:42', 1),
(00345, '2018-06-01 18:09:43', 1),
(00346, '2018-06-01 18:10:20', 1),
(00347, '2018-06-01 18:10:46', 1),
(00348, '2018-06-01 18:10:47', 1),
(00349, '2018-06-01 18:10:56', 1),
(00350, '2018-06-01 18:10:56', 1),
(00351, '2018-06-01 18:12:08', 1),
(00352, '2018-06-01 18:13:07', 1),
(00353, '2018-06-01 18:13:08', 1),
(00354, '2018-06-01 18:13:14', 1),
(00355, '2018-06-01 18:13:15', 1),
(00356, '2018-06-01 18:13:32', 1),
(00357, '2018-06-01 18:13:32', 1),
(00358, '2018-06-01 18:14:17', 1),
(00359, '2018-06-01 18:14:18', 1),
(00360, '2018-06-01 18:14:48', 1),
(00361, '2018-06-01 18:15:24', 1),
(00362, '2018-06-01 18:15:24', 1),
(00363, '2018-06-01 18:16:14', 1),
(00364, '2018-06-01 18:16:14', 1),
(00365, '2018-06-01 18:16:56', 1),
(00366, '2018-06-01 18:16:56', 1),
(00367, '2018-06-01 18:18:01', 1),
(00368, '2018-06-01 18:18:02', 1),
(00369, '2018-06-01 18:18:15', 1),
(00370, '2018-06-01 18:18:18', 1),
(00371, '2018-06-01 18:18:20', 1),
(00372, '2018-06-01 18:18:25', 1),
(00373, '2018-06-01 18:18:37', 1),
(00374, '2018-06-01 18:18:38', 1),
(00375, '2018-06-01 18:18:43', 1),
(00376, '2018-06-01 18:18:43', 1),
(00377, '2018-06-01 18:18:49', 1),
(00378, '2018-06-01 18:18:50', 1),
(00379, '2018-06-01 18:19:48', 1),
(00380, '2018-06-01 18:19:50', 1),
(00381, '2018-06-01 18:19:59', 1),
(00382, '2018-06-01 18:19:59', 1),
(00383, '2018-06-01 18:20:44', 1),
(00384, '2018-06-01 18:20:52', 1),
(00385, '2018-06-01 18:20:58', 1),
(00386, '2018-06-01 18:20:59', 1),
(00387, '2018-06-01 18:21:01', 1),
(00388, '2018-06-01 18:21:04', 1),
(00389, '2018-06-01 18:21:05', 1),
(00390, '2018-06-01 18:21:13', 1),
(00391, '2018-06-01 18:21:15', 1),
(00392, '2018-06-01 18:21:28', 1),
(00393, '2018-06-01 18:21:30', 1),
(00394, '2018-06-01 18:22:04', 1),
(00395, '2018-06-01 18:22:06', 1),
(00396, '2018-06-01 18:22:10', 1),
(00397, '2018-06-01 18:22:11', 1),
(00398, '2018-06-01 18:22:16', 1),
(00399, '2018-06-01 18:22:20', 1),
(00400, '2018-06-01 18:22:21', 1),
(00401, '2018-06-01 18:22:25', 1),
(00402, '2018-06-01 18:22:40', 1),
(00403, '2018-06-01 18:22:46', 1),
(00404, '2018-06-01 18:22:50', 1),
(00405, '2018-06-01 18:23:00', 1),
(00406, '2018-06-01 18:23:04', 1),
(00407, '2018-06-01 18:23:05', 1),
(00408, '2018-06-01 18:23:09', 1),
(00409, '2018-06-01 18:23:09', 1),
(00410, '2018-06-01 23:13:31', 2),
(00411, '2018-06-01 23:13:40', 2),
(00412, '2018-06-01 23:14:01', 2),
(00413, '2018-06-01 23:14:15', 2),
(00414, '2018-06-01 23:14:25', 2),
(00415, '2018-06-01 23:14:43', 2),
(00416, '2018-06-01 23:14:56', 2);

-- --------------------------------------------------------

--
-- Table structure for table `student`
--

CREATE TABLE `student` (
  `id` varchar(13) NOT NULL COMMENT 'รหัสนักศึกษา',
  `full_name` varchar(50) NOT NULL,
  `section` varchar(50) NOT NULL,
  `last_login` datetime DEFAULT NULL COMMENT 'ใช้งานครั้งล่าสุด'
) ENGINE=InnoDB DEFAULT CHARSET=utf8;

--
-- Dumping data for table `student`
--

INSERT INTO `student` (`id`, `full_name`, `section`, `last_login`) VALUES
('', '', '\r', NULL),
('5704063001201', 'à¸™à¸²à¸‡à¸ªà¸²à¸§à¸à¸£à¸à¸™à¸ à¸¤à¸à¸©à¹Œà¸ªà', '57043.042\r', NULL),
('5704063001218', 'à¸™à¸²à¸‡à¸ªà¸²à¸§à¸™à¸±à¸à¸”à¸² à¸¢à¸²à¸›à¸£à¸°à', '57043.042\r', NULL),
('5704063001221', 'à¸™à¸²à¸‡à¸ªà¸²à¸§à¸›à¸²à¸£à¸´à¸•à¸² à¸„à¸³à¸¨à¸£à', '57043.042\r', NULL),
('5704063001223', 'à¸™à¸²à¸‡à¸ªà¸²à¸§à¸žà¸“à¸´à¸•à¸² à¸Šà¸´à¸•à¸Šà¸¥à', '57043.042\r', NULL),
('5704063001236', 'à¸™à¸²à¸§à¸ªà¸²à¸§à¸¨à¸´à¸§à¸žà¸£ à¹ƒà¸ˆà¸ªà¸°à¸­à', '57043.042\r', NULL),
('5704063001244', 'à¸™à¸²à¸¢à¸­à¸ à¸´à¸§à¸±à¸’à¸™à¹Œ à¸¡à¸µà¸ªà¸´à¸—à', '57043.042\r', NULL),
('5704063001246', 'à¸™à¸²à¸¢à¸­à¸£à¸£à¸–à¸™à¸™à¸—à¹Œ à¹€à¸œà¹ˆà¸²à¸ªà', '57043.042\r', NULL),
('5704063001247', 'ดกหด', '57043.042', NULL);

-- --------------------------------------------------------

--
-- Table structure for table `unit`
--

CREATE TABLE `unit` (
  `id` int(10) NOT NULL,
  `name` varchar(50) DEFAULT NULL
) ENGINE=InnoDB DEFAULT CHARSET=utf8;

--
-- Dumping data for table `unit`
--

INSERT INTO `unit` (`id`, `name`) VALUES
(1, 'ห่อ'),
(2, 'แท่ง'),
(3, 'เล่ม'),
(4, 'ตัว'),
(5, 'ชิ้น'),
(6, 'ก้อน'),
(7, 'ตลับ'),
(8, 'หลอด'),
(9, 'ขวด');

-- --------------------------------------------------------

--
-- Table structure for table `user`
--

CREATE TABLE `user` (
  `id` int(10) NOT NULL,
  `fullname` varchar(50) DEFAULT NULL,
  `address` varchar(200) DEFAULT NULL,
  `tel` varchar(10) DEFAULT NULL,
  `login` varchar(20) DEFAULT NULL,
  `password` varchar(10) DEFAULT NULL,
  `image` varchar(50) NOT NULL DEFAULT 'default.png',
  `last_login` datetime NOT NULL DEFAULT CURRENT_TIMESTAMP
) ENGINE=InnoDB DEFAULT CHARSET=utf8;

--
-- Dumping data for table `user`
--

INSERT INTO `user` (`id`, `fullname`, `address`, `tel`, `login`, `password`, `image`, `last_login`) VALUES
(1, 'suthathip suksawat', '12 ตำบลมะขามเตี้ย อำเภอเมือง จังหวัดสุราษฎร์ธานี 84000', '0936970259', 'admin', NULL, 'default.png', '2018-06-01 19:51:21'),
(2, 'suthathip suksawat', '12 ตำบลมะขามเตี้ย อำเภอเมือง จังหวัดสุราษฎร์ธานี 84000', '0936970259', 'ann', '1102', 'default.png', '2018-06-01 19:51:21');

--
-- Indexes for dumped tables
--

--
-- Indexes for table `equipment`
--
ALTER TABLE `equipment`
  ADD PRIMARY KEY (`id`),
  ADD KEY `barcode` (`barcode`);

--
-- Indexes for table `equipment_history`
--
ALTER TABLE `equipment_history`
  ADD PRIMARY KEY (`id`);

--
-- Indexes for table `log`
--
ALTER TABLE `log`
  ADD PRIMARY KEY (`id`);

--
-- Indexes for table `material`
--
ALTER TABLE `material`
  ADD PRIMARY KEY (`id`),
  ADD UNIQUE KEY `barcode` (`barcode`),
  ADD KEY `barcode_2` (`barcode`);

--
-- Indexes for table `material_history`
--
ALTER TABLE `material_history`
  ADD PRIMARY KEY (`id`);

--
-- Indexes for table `material_type`
--
ALTER TABLE `material_type`
  ADD PRIMARY KEY (`id`);

--
-- Indexes for table `report_no`
--
ALTER TABLE `report_no`
  ADD PRIMARY KEY (`id`);

--
-- Indexes for table `student`
--
ALTER TABLE `student`
  ADD PRIMARY KEY (`id`);

--
-- Indexes for table `unit`
--
ALTER TABLE `unit`
  ADD PRIMARY KEY (`id`);

--
-- Indexes for table `user`
--
ALTER TABLE `user`
  ADD PRIMARY KEY (`id`),
  ADD UNIQUE KEY `user_login` (`login`);

--
-- AUTO_INCREMENT for dumped tables
--

--
-- AUTO_INCREMENT for table `equipment`
--
ALTER TABLE `equipment`
  MODIFY `id` int(10) NOT NULL AUTO_INCREMENT, AUTO_INCREMENT=8;
--
-- AUTO_INCREMENT for table `equipment_history`
--
ALTER TABLE `equipment_history`
  MODIFY `id` int(10) NOT NULL AUTO_INCREMENT, AUTO_INCREMENT=15;
--
-- AUTO_INCREMENT for table `log`
--
ALTER TABLE `log`
  MODIFY `id` int(11) NOT NULL AUTO_INCREMENT, AUTO_INCREMENT=2;
--
-- AUTO_INCREMENT for table `material`
--
ALTER TABLE `material`
  MODIFY `id` int(10) NOT NULL AUTO_INCREMENT, AUTO_INCREMENT=8;
--
-- AUTO_INCREMENT for table `material_history`
--
ALTER TABLE `material_history`
  MODIFY `id` int(10) NOT NULL AUTO_INCREMENT, AUTO_INCREMENT=2;
--
-- AUTO_INCREMENT for table `material_type`
--
ALTER TABLE `material_type`
  MODIFY `id` int(10) NOT NULL AUTO_INCREMENT, AUTO_INCREMENT=6;
--
-- AUTO_INCREMENT for table `report_no`
--
ALTER TABLE `report_no`
  MODIFY `id` int(5) UNSIGNED ZEROFILL NOT NULL AUTO_INCREMENT, AUTO_INCREMENT=417;
--
-- AUTO_INCREMENT for table `unit`
--
ALTER TABLE `unit`
  MODIFY `id` int(10) NOT NULL AUTO_INCREMENT, AUTO_INCREMENT=10;
--
-- AUTO_INCREMENT for table `user`
--
ALTER TABLE `user`
  MODIFY `id` int(10) NOT NULL AUTO_INCREMENT, AUTO_INCREMENT=3;
/*!40101 SET CHARACTER_SET_CLIENT=@OLD_CHARACTER_SET_CLIENT */;
/*!40101 SET CHARACTER_SET_RESULTS=@OLD_CHARACTER_SET_RESULTS */;
/*!40101 SET COLLATION_CONNECTION=@OLD_COLLATION_CONNECTION */;
